Date Watched,Title,Matched_Title,corrected_type,director,country,listed_in,duration,rating,release_year
2025-03-24 17:26:08,Mulligan: Partie 1: Pas mon président (Épisode 9),,TV Show,,,,,,
2025-03-24 17:01:24,Mulligan: Partie 1: Un trésor en graines (Épisode 8),,TV Show,,,,,,
2025-03-24 16:35:14,Mulligan: Partie 1: Une chasse aux œufs extraordinaire (Épisode 7),,TV Show,,,,,,
2025-03-24 16:26:42,Mulligan: Partie 1: La partie n'est pas finie (Épisode 6),,TV Show,,,,,,
2025-03-23 14:42:28,Mulligan: Partie 1: La partie n'est pas finie (Épisode 6),,TV Show,,,,,,
2025-03-23 14:17:45,Mulligan: Partie 1: La schlingue (Épisode 5),,TV Show,,,,,,
2025-03-23 14:00:12,Mulligan: Partie 1: La plus timbrée (Épisode 4),,TV Show,,,,,,
2025-03-23 10:32:36,Mulligan: Partie 1: Une grosse teuf à l'ancienne (Épisode 3),,TV Show,,,,,,
2025-03-22 21:54:15,Mulligan: Partie 1: Une grosse teuf à l'ancienne (Épisode 3),,TV Show,,,,,,
2025-03-22 21:02:58,"Mulligan: Partie 1: Sauve la planète, Matty ! (Épisode 1)",,TV Show,,,,,,
2025-03-21 13:55:27,Bande-annonce : Mon démon,,TV Show,,,,,,
2025-03-21 13:54:56,Bande-annonce : Café Minamdang,,TV Show,,,,,,
2025-03-21 13:49:30,Bande-annonce : Twister : En pleine tornade,,TV Show,,,,,,
2025-03-21 13:46:36,"Poong, the Joseon Psychiatrist: Season 1_hook_primary_16x9",,TV Show,,,,,,
2025-03-21 13:45:43,Bande-annonce : Enquêtes tactiles,,TV Show,,,,,,
2025-03-21 13:41:12,Overlord_hook_primary_16x9,,Movie,,,,,,
2025-03-21 08:31:17,Overlord_hook_primary_16x9,,Movie,,,,,,
2025-03-16 08:54:04,Saison 2 (Extrait 2) : La Créature de Kyŏngsŏng,,TV Show,,,,,,
2025-03-15 19:23:32,Partie 5 (Extrait 2) : Bienvenue chez Mamilia,,TV Show,,,,,,
2025-03-15 19:19:25,Migration_hook_primary_16x9,,Movie,,,,,,
2025-03-15 19:17:32,Bee Movie_hook_primary_16x9,,Movie,,,,,,
2025-03-15 19:15:57,Totally Spies!: Season 1_hook_primary_16x9_backfill,,TV Show,,,,,,
2025-03-15 11:24:34,Police University: Limited Series_hook_01_16x9_backfill,,Movie,,,,,,
2025-03-15 11:23:58,Mr. Queen: Limited Series_hook_02_16x9_backfill,,TV Show,,,,,,
2025-03-15 11:22:27,Mr. Queen: Limited Series_hook_02_16x9_backfill,,TV Show,,,,,,
2025-02-14 09:37:10,Bande-annonce : Loups-Garous,,TV Show,,,,,,
2025-02-14 09:35:50,Shrek 2_hook_primary_16x9,,TV Show,,,,,,
2025-02-14 09:35:15,Shrek the Third_hook_primary_16x9,,Movie,,,,,,
2025-02-14 09:33:39,Totally Spies!: Season 1_hook_primary_16x9_backfill,,TV Show,,,,,,
2025-02-14 09:31:42,Shrek_hook_primary_16x9,,TV Show,,,,,,
2025-02-14 09:30:44,Coming to America_hook_primary_16x9,,Movie,,,,,,
2025-02-12 12:12:46,Les têtes vides (Bande-annonce),,Movie,,,,,,
2025-02-12 12:10:29,Coming to America_hook_primary_16x9,,Movie,,,,,,
2025-02-12 12:09:42,Shrek 2_hook_primary_16x9,,TV Show,,,,,,
2025-02-12 12:09:08,Shrek the Third_hook_primary_16x9,,Movie,,,,,,
2025-02-12 12:06:21,Totally Spies!: Season 1_hook_primary_16x9_backfill,,TV Show,,,,,,
2025-02-12 12:05:41,Shrek_hook_primary_16x9,,TV Show,,,,,,
2025-02-11 01:02:36,Happiness: Mini-série: Épisode 6 (Épisode 6),,TV Show,,,,,,
2025-02-11 00:23:07,Happiness: Mini-série: Épisode 5 (Épisode 5),,TV Show,,,,,,
2025-02-10 23:50:13,Happiness: Mini-série: Épisode 4 (Épisode 4),,TV Show,,,,,,
2025-02-09 13:30:25,Mulligan: Partie 2: La pilule magique du Dr Johnny (Épisode 8),,TV Show,,,,,,
2025-02-09 13:05:28,Mulligan: Partie 2: Problèmes d'eau au Watergate (Épisode 7),,TV Show,,,,,,
2025-02-09 12:39:21,Mulligan: Partie 2: Les aventures de la viande consciente (Épisode 6),,TV Show,,,,,,
2025-02-09 12:13:37,Mulligan: Partie 2: Washington DC/AC (Épisode 5),,TV Show,,,,,,
2025-02-09 11:24:00,Mulligan: Partie 2: La Grande Dépression (Épisode 3),,TV Show,,,,,,
2025-02-09 10:58:25,Mulligan: Partie 2: Trouble-fête (Épisode 2),,TV Show,,,,,,
2025-02-09 10:33:07,Mulligan: Partie 2: Une marée montante (Épisode 1),,TV Show,,,,,,
2025-02-07 13:25:03,Mulligan: Partie 1: Pas mon président (Épisode 9),,TV Show,,,,,,
2025-02-07 13:00:18,Mulligan: Partie 1: Un trésor en graines (Épisode 8),,TV Show,,,,,,
2025-02-07 12:34:06,Mulligan: Partie 1: Une chasse aux œufs extraordinaire (Épisode 7),,TV Show,,,,,,
2025-02-07 12:09:22,Mulligan: Partie 1: La partie n'est pas finie (Épisode 6),,TV Show,,,,,,
2025-02-07 11:44:19,Mulligan: Partie 1: La schlingue (Épisode 5),,TV Show,,,,,,
2025-02-07 11:20:03,Mulligan: Partie 1: La plus timbrée (Épisode 4),,TV Show,,,,,,
2025-02-07 10:54:27,Mulligan: Partie 1: Une grosse teuf à l'ancienne (Épisode 3),,TV Show,,,,,,
2025-02-07 10:02:08,"Mulligan: Partie 1: Sauve la planète, Matty ! (Épisode 1)",,TV Show,,,,,,
2025-02-07 10:01:23,Saiyuuki: Saison 1: Épisode 1 (Épisode 1),,TV Show,,,,,,
2025-01-31 08:22:08,NoGlobalVideo-CannotLocalize-81010768-en,,TV Show,,,,,,
2025-01-28 13:37:52,NoGlobalVideo-CannotLocalize-81738990-en,,Movie,,,,,,
2025-01-28 13:32:23,NoGlobalVideo-CannotLocalize-81010725-en,,Movie,,,,,,
2025-01-28 13:31:31,Partie 5 (Extrait 2) : Bienvenue chez Mamilia,,TV Show,,,,,,
2025-01-28 13:23:32,NoGlobalVideo-CannotLocalize-81150095-en,,TV Show,,,,,,
2025-01-13 09:12:13,The Exorcist: Believer_hook_primary_16x9,,Movie,,,,,,
2025-01-07 09:04:57,NoGlobalVideo-CannotLocalize-81010768-en,,TV Show,,,,,,
2025-01-03 15:11:06,NoGlobalVideo-CannotLocalize-81030970-en,,Movie,,,,,,
2025-01-03 15:02:40,NoGlobalVideo-CannotLocalize-81030328-en,,TV Show,,,,,,
2025-01-03 14:58:59,Bande-annonce : DANDADAN,,TV Show,,,,,,
2025-01-03 10:44:28,NoGlobalVideo-CannotLocalize-81030328-en,,TV Show,,,,,,
2025-01-03 10:39:41,Bande-annonce : DANDADAN,,TV Show,,,,,,
2024-12-31 09:25:52,PARADISEPD_PT3_CLIP_MAINCHARACTER,,TV Show,,,,,,
2024-12-30 14:22:37,NoGlobalVideo-CannotLocalize-81030328-en,,TV Show,,,,,,
2024-12-28 18:33:48,NoGlobalVideo-CannotLocalize-81030328-en,,TV Show,,,,,,
2024-12-28 18:32:26,Bande-annonce : DANDADAN,,TV Show,,,,,,
2024-12-26 14:51:15,NoGlobalVideo-CannotLocalize-81030970-en,,Movie,,,,,,
2024-12-26 14:40:15,Bande-annonce : DANDADAN,,TV Show,,,,,,
2024-12-26 14:37:40,NoGlobalVideo-CannotLocalize-81030328-en,,TV Show,,,,,,
2024-12-20 07:03:30,NoGlobalVideo-CannotLocalize-81030328-en,,TV Show,,,,,,
2024-12-20 07:02:08,Bande-annonce : DANDADAN,,TV Show,,,,,,
2024-12-17 14:42:48,Bande-annonce : DANDADAN,,TV Show,,,,,,
2024-12-13 06:50:15,BigMouth_S4_NoMarketingCard,,Movie,,,,,,
2024-12-13 06:45:21,NoGlobalVideo-CannotLocalize-81030328-en,,TV Show,,,,,,
2024-12-12 09:00:25,Total Drama: Island_hook_primary_16x9,,TV Show,,,,,,
2024-12-12 08:54:52,NoGlobalVideo-CannotLocalize-81716967-en,,TV Show,,,,,,
2024-12-12 08:52:01,NoGlobalVideo-CannotLocalize-81030328-en,,TV Show,,,,,,
2024-12-12 08:50:50,Ghostbusters: Afterlife_hook_primary_16x9_backfill,,Movie,,,,,,
2024-12-12 08:48:41,Bande-annonce : DANDADAN,,TV Show,,,,,,
2024-12-04 14:48:49,Bande-annonce : DANDADAN,,TV Show,,,,,,
2024-11-25 13:13:05,"Bande-annonce : Mononoke, le film : Un fantôme sous la pluie",,TV Show,,,,,,
2024-11-07 06:42:17,Fall_hook_03_16x9,,Movie,,,,,,
2024-10-28 20:22:35,Mulligan: Partie 2: La pilule magique du Dr Johnny (Épisode 8),,TV Show,,,,,,
2024-10-28 20:19:31,Mulligan: Partie 2: Problèmes d'eau au Watergate (Épisode 7),,TV Show,,,,,,
2024-09-26 18:50:55,Mulligan: Partie 2: Problèmes d'eau au Watergate (Épisode 7),,TV Show,,,,,,
2024-09-24 19:14:16,Mulligan: Partie 2: Problèmes d'eau au Watergate (Épisode 7),,TV Show,,,,,,
2024-09-24 18:46:38,Mulligan: Partie 2: Les aventures de la viande consciente (Épisode 6),,TV Show,,,,,,
2024-09-24 18:20:56,Mulligan: Partie 2: Washington DC/AC (Épisode 5),,TV Show,,,,,,
2024-09-24 17:44:26,Mulligan: Partie 2: La Grande Dépression (Épisode 3),,TV Show,,,,,,
2024-09-23 22:14:14,Mulligan: Partie 2: La Grande Dépression (Épisode 3),,TV Show,,,,,,
2024-09-23 22:09:27,Mulligan: Partie 2: Trouble-fête (Épisode 2),,TV Show,,,,,,
2024-09-23 21:04:51,Mulligan: Partie 2: Trouble-fête (Épisode 2),,TV Show,,,,,,
2024-09-23 20:40:28,Mulligan: Partie 2: Une marée montante (Épisode 1),,TV Show,,,,,,
2024-07-04 10:53:50,NoGlobalVideo-CannotLocalize-81030217-en,,TV Show,,,,,,
2024-07-04 10:50:34,Les rois mages_hook_primary_16x9,,Movie,,,,,,
2024-07-04 10:41:17,The Bet_hook_primary_16x9,,Movie,,,,,,
2024-06-30 18:43:18,NoGlobalVideo-CannotLocalize-81716967-en,,TV Show,,,,,,
2024-06-30 18:42:45,NoGlobalVideo-CannotLocalize-81030217-en,,TV Show,,,,,,
2024-06-26 04:29:10,NoGlobalVideo-CannotLocalize-81030217-en,,TV Show,,,,,,
2024-06-26 04:26:24,Bande-annonce : Mon démon,,TV Show,,,,,,
2024-06-25 17:52:11,Bande-annonce : Mon démon,,TV Show,,,,,,
2024-06-25 17:51:38,NoGlobalVideo-CannotLocalize-81030217-en,,TV Show,,,,,,
2024-06-25 17:48:16,Bande-annonce : Riposte,,TV Show,,,,,,
2024-06-25 05:07:15,Partie 5 (Extrait 2) : Bienvenue chez Mamilia,,TV Show,,,,,,
2024-06-24 08:01:00,Papa ou Maman_hook_primary_16x9,,Movie,,,,,,
2024-06-24 07:59:30,NoGlobalVideo-CannotLocalize-81150095-en,,TV Show,,,,,,
2024-06-24 07:54:54,Sydney White_hook_primary_16x9,,Movie,,,,,,
2024-06-24 07:47:18,Bande-annonce : Triviaverse,,TV Show,,,,,,
2024-06-24 07:46:26,Partie 5 (Extrait 2) : Bienvenue chez Mamilia,,TV Show,,,,,,
2024-06-10 09:26:21,Bande-annonce : Sous la Seine,,TV Show,,,,,,
2024-06-08 15:59:27,NoGlobalVideo-CannotLocalize-81030217-en,,TV Show,,,,,,
2024-06-08 15:48:13,Bande-annonce : Sous la Seine,,TV Show,,,,,,
2024-05-08 01:03:29,Gloutons & Dragons: Saison 1: Épisode 15 : Bourgeons de dryades / Viande de cockatrix (Épisode 15),,TV Show,,,,,,
2024-03-29 10:46:45,M3GAN_hook_primary_16x9,,Movie,,,,,,
2024-03-29 10:45:47,Venom_hook_primary_16x9,,TV Show,,,,,,
2024-03-29 08:55:48,M3GAN_hook_01_16x9,,Movie,,,,,,
2024-03-24 19:51:26,Alad'2,,Movie,,,,,,
2024-03-18 06:36:33,Venom_hook_primary_16x9,,TV Show,,,,,,
2024-03-18 06:34:46,Venom_hook_primary_16x9,,TV Show,,,,,,
2024-03-12 08:04:21,NoGlobalVideo-CannotLocalize-81034716-en,,Movie,,,,,,
2024-03-12 08:02:02,Bande-annonce : La Nuit d'Orion,,TV Show,,,,,,
2024-03-12 08:00:02,Partie 5 (Extrait 2) : Bienvenue chez Mamilia,,TV Show,,,,,,
2024-03-12 07:58:39,Shrek 2_hook_primary_16x9,,TV Show,,,,,,
2024-03-12 07:57:49,NoGlobalVideo-CannotLocalize-81034724-en,,Movie,,,,,,
2024-03-12 07:56:09,Shrek_hook_primary_16x9,,TV Show,,,,,,
2024-03-12 07:52:32,NoGlobalVideo-CannotLocalize-81150095-en,,TV Show,,,,,,
2024-03-04 09:57:09,Total Drama: Island_hook_primary_16x9,,TV Show,,,,,,
2024-02-29 08:14:32,Total Drama: Island_hook_primary_16x9,,TV Show,,,,,,
2024-02-28 09:09:40,Shrek_hook_primary_16x9,,TV Show,,,,,,
2024-02-28 09:06:14,Bande-annonce : La Nuit d'Orion,,TV Show,,,,,,
2024-02-28 09:04:54,NoGlobalVideo-CannotLocalize-81195837-en,,Movie,,,,,,
2024-02-28 09:04:04,NoGlobalVideo-CannotLocalize-81010783-en,,Movie,,,,,,
2024-02-28 09:01:56,NoGlobalVideo-CannotLocalize-81034716-en,,Movie,,,,,,
2024-02-28 09:01:06,NoGlobalVideo-CannotLocalize-81046814-en,,Movie,,,,,,
2024-02-28 08:59:03,NoGlobalVideo-CannotLocalize-81150095-en,,TV Show,,,,,,
2024-02-28 08:58:13,NoGlobalVideo-CannotLocalize-81034724-en,,Movie,,,,,,
2024-02-12 12:50:46,NoGlobalVideo-CannotLocalize-81695072-en,,Movie,,,,,,
2024-02-12 12:50:06,NoGlobalVideo-CannotLocalize-81693298-en,,Movie,,,,,,
2024-02-07 06:51:51,Total Drama: Island_hook_primary_16x9,,TV Show,,,,,,
2024-01-23 07:45:45,The Favourite_hook_01_16x9,,Movie,,,,,,
2024-01-12 14:20:57,NoGlobalVideo-CannotLocalize-81588744-en,,Movie,,,,,,
2024-01-12 14:17:42,NoGlobalVideo-CannotLocalize-81127660-en,,Movie,,,,,,
2024-01-12 14:16:40,En plein vol (Extrait 2) : En plein vol,,Movie,,,,,,
2024-01-12 13:26:16,Mulligan: Partie 1: Pas mon président (Épisode 9),,TV Show,,,,,,
2024-01-12 13:01:30,Mulligan: Partie 1: Un trésor en graines (Épisode 8),,TV Show,,,,,,
2024-01-12 12:35:18,Mulligan: Partie 1: Une chasse aux œufs extraordinaire (Épisode 7),,TV Show,,,,,,
2024-01-12 12:10:34,Mulligan: Partie 1: La partie n'est pas finie (Épisode 6),,TV Show,,,,,,
2024-01-12 11:45:45,Mulligan: Partie 1: La schlingue (Épisode 5),,TV Show,,,,,,
2024-01-12 11:21:28,Mulligan: Partie 1: La plus timbrée (Épisode 4),,TV Show,,,,,,
2024-01-12 10:55:53,Mulligan: Partie 1: Une grosse teuf à l'ancienne (Épisode 3),,TV Show,,,,,,
2024-01-12 10:03:34,"Mulligan: Partie 1: Sauve la planète, Matty ! (Épisode 1)",,TV Show,,,,,,
2024-01-12 09:58:11,NoGlobalVideo-CannotLocalize-81127660-en,,Movie,,,,,,
2024-01-12 09:56:59,En plein vol (Extrait) : En plein vol,,Movie,,,,,,
2024-01-12 09:06:35,Mulligan: Partie 1: Pas mon président (Épisode 9),,TV Show,,,,,,
2024-01-12 08:41:49,Mulligan: Partie 1: Un trésor en graines (Épisode 8),,TV Show,,,,,,
2024-01-12 08:15:15,Mulligan: Partie 1: Une chasse aux œufs extraordinaire (Épisode 7),,TV Show,,,,,,
2024-01-12 07:50:32,Mulligan: Partie 1: La partie n'est pas finie (Épisode 6),,TV Show,,,,,,
2024-01-12 07:25:43,Mulligan: Partie 1: La schlingue (Épisode 5),,TV Show,,,,,,
2024-01-12 07:01:26,Mulligan: Partie 1: La plus timbrée (Épisode 4),,TV Show,,,,,,
2024-01-12 06:43:57,Mulligan: Partie 1: Une grosse teuf à l'ancienne (Épisode 3),,TV Show,,,,,,
2024-01-11 15:22:20,Mulligan: Partie 1: Une grosse teuf à l'ancienne (Épisode 3),,TV Show,,,,,,
2024-01-11 14:54:29,"Mulligan: Partie 1: Sauve la planète, Matty ! (Épisode 1)",,TV Show,,,,,,
2024-01-10 13:54:55,NoGlobalVideo-CannotLocalize-81053071-en,,TV Show,,,,,,
2024-01-09 12:34:16,Le Cercle des neiges (Extrait) : Le Cercle des neiges,,Movie,,,,,,
2024-01-09 06:45:09,Le Cercle des neiges (Extrait) : Le Cercle des neiges,,Movie,,,,,,
2024-01-08 05:49:24,NoGlobalVideo-CannotLocalize-81235010-en,,Movie,,,,,,
2024-01-04 07:14:09,NoGlobalVideo-CannotLocalize-81235010-en,,Movie,,,,,,
2024-01-02 09:59:23,NoGlobalVideo-CannotLocalize-81053071-en,,TV Show,,,,,,
2023-12-28 10:13:39,NoGlobalVideo-CannotLocalize-81053071-en,,TV Show,,,,,,
2023-12-22 07:36:27,NoGlobalVideo-CannotLocalize-81731232-en,,Movie,,,,,,
2023-12-22 07:35:36,NoGlobalVideo-CannotLocalize-81038803-en,,Movie,,,,,,
2023-12-21 07:14:31,Mon démon: Mini-série: Une vie dans le brouillard (Épisode 1),,TV Show,,,,,,
2023-12-21 07:14:22,Mon démon: Mini-série: Une vie dans le brouillard (Épisode 1),,TV Show,,,,,,
2023-12-18 09:56:12,NoGlobalVideo-CannotLocalize-81032025-en,,Movie,,,,,,
2023-12-14 07:06:39,NoGlobalVideo-CannotLocalize-81588740-en,,Movie,,,,,,
2023-10-21 17:39:49,Mulligan: Partie 1: Pas mon président (Épisode 9),,TV Show,,,,,,
2023-10-21 17:14:04,Mulligan: Partie 1: Un trésor en graines (Épisode 8),,TV Show,,,,,,
2023-10-21 17:01:00,Mulligan: Partie 1: Une chasse aux œufs extraordinaire (Épisode 7),,TV Show,,,,,,
2023-10-21 14:48:33,Mulligan: Partie 1: Une chasse aux œufs extraordinaire (Épisode 7),,TV Show,,,,,,
2023-10-21 14:20:25,Mulligan: Partie 1: La partie n'est pas finie (Épisode 6),,TV Show,,,,,,
2023-10-21 14:04:17,Mulligan: Partie 1: La schlingue (Épisode 5),,TV Show,,,,,,
2023-10-19 22:45:02,Mulligan: Partie 1: La schlingue (Épisode 5),,TV Show,,,,,,
2023-10-19 22:19:19,Mulligan: Partie 1: La plus timbrée (Épisode 4),,TV Show,,,,,,
2023-10-19 21:53:33,Mulligan: Partie 1: Une grosse teuf à l'ancienne (Épisode 3),,TV Show,,,,,,
2023-10-19 21:01:03,"Mulligan: Partie 1: Sauve la planète, Matty ! (Épisode 1)",,TV Show,,,,,,
2023-10-01 12:47:36,NoGlobalVideo-CannotLocalize-81716967-en,,TV Show,,,,,,
2023-09-28 17:35:42,Celebrity: Mini-série: #nulle_part #mais_partout #comme_toi_et_moi (Épisode 12),,TV Show,,,,,,
2023-09-28 17:35:03,Celebrity: Mini-série: #connectons_nous (Épisode 4),,TV Show,,,,,,
2023-09-28 17:31:49,Celebrity: Mini-série: #nulle_part #mais_partout #comme_toi_et_moi (Épisode 12),,TV Show,,,,,,
2023-08-31 12:13:24,Mr. Queen: Mini-série: Un talon d'Achille (Épisode 5),,TV Show,,,,,,
2023-08-31 11:51:12,Mr. Queen: Mini-série: Dormir avec l'ennemi (Épisode 3),,TV Show,,,,,,
2023-08-31 11:39:00,Mr. Queen: Mini-série: Personne ne sait (Épisode 2),,TV Show,,,,,,
2023-08-31 11:26:17,Mr. Queen: Mini-série: Jang Bong-Hwan au Pays des merveilles (Épisode 1),,TV Show,,,,,,
2023-08-25 17:47:20,Si tu me venges…,,Movie,,,,,,
2023-08-25 17:44:26,Bande-annonce : Si tu me venges…,,TV Show,,,,,,
2023-08-25 17:43:58,Teaser : Si tu me venges…,,TV Show,,,,,,
2023-08-25 17:42:54,Bande-annonce : Enquêtes tactiles,,TV Show,,,,,,
2023-08-22 21:45:17,Mulligan: Partie 1: Pas mon président (Épisode 9),,TV Show,,,,,,
2023-08-22 21:20:40,Mulligan: Partie 1: Un trésor en graines (Épisode 8),,TV Show,,,,,,
2023-08-22 20:54:35,Mulligan: Partie 1: Une chasse aux œufs extraordinaire (Épisode 7),,TV Show,,,,,,
2023-08-22 20:29:58,Mulligan: Partie 1: La partie n'est pas finie (Épisode 6),,TV Show,,,,,,
2023-08-22 20:05:18,Mulligan: Partie 1: La schlingue (Épisode 5),,TV Show,,,,,,
2023-08-22 19:41:09,Mulligan: Partie 1: La plus timbrée (Épisode 4),,TV Show,,,,,,
2023-08-22 19:15:42,Mulligan: Partie 1: Une grosse teuf à l'ancienne (Épisode 3),,TV Show,,,,,,
2023-08-22 15:15:26,"Mulligan: Partie 1: Sauve la planète, Matty ! (Épisode 1)",,TV Show,,,,,,
2023-08-11 19:53:51,Zom 100 : La liste de la mort,,Movie,,,,,,
2023-08-11 17:48:06,Zom 100 : La liste de la mort,,Movie,,,,,,
2023-08-07 17:11:59,Bande-annonce : Zom 100 : La liste de la mort,,TV Show,,,,,,
2023-08-07 13:01:53,NoGlobalVideo-CannotLocalize-81150095-en,,TV Show,,,,,,
2023-08-07 12:57:28,Arrietty_hook_primary_16x9,,Movie,,,,,,
2023-07-31 18:42:07,Sans un bruit,,Movie,,,,,,
2023-07-31 18:41:36,Sans un bruit,,Movie,,,,,,
2023-07-30 18:07:05,Celebrity: Mini-série: #nulle_part #mais_partout #comme_toi_et_moi (Épisode 12),,TV Show,,,,,,
2023-07-30 17:55:44,Celebrity: Mini-série: #mais_elle_est_morte (Épisode 11),,TV Show,,,,,,
2023-07-30 17:46:58,Celebrity: Mini-série: #préparez_le_pop-corn (Épisode 10),,TV Show,,,,,,
2023-07-30 17:31:28,Celebrity: Mini-série: #la_vérité_triomphera #balance_tout (Épisode 9),,TV Show,,,,,,
2023-07-30 17:31:07,Celebrity: Mini-série: #préparez_le_pop-corn (Épisode 10),,TV Show,,,,,,
2023-07-30 17:31:02,Celebrity: Mini-série: #la_vérité_triomphera #balance_tout (Épisode 9),,TV Show,,,,,,
2023-07-30 17:25:20,Celebrity: Mini-série: #hiérarchie #notre_monde (Épisode 8),,TV Show,,,,,,
2023-07-30 17:12:44,Celebrity: Mini-série: #quel_merdier #retourner_la_situation (Épisode 7),,TV Show,,,,,,
2023-07-30 17:03:32,Celebrity: Mini-série: #désopasdéso #la_vie_est_injuste (Épisode 6),,TV Show,,,,,,
2023-07-30 16:49:22,Celebrity: Mini-série: #boîte_de_pandore #leur_monde (Épisode 5),,TV Show,,,,,,
2023-07-30 16:29:47,Celebrity: Mini-série: #connectons_nous (Épisode 4),,TV Show,,,,,,
2023-07-30 15:42:16,"Celebrity: Mini-série: #suiveur, suivi (Épisode 2)",,TV Show,,,,,,
2023-07-30 15:40:53,Celebrity: Mini-série: #deviens_célèbre (Épisode 1),,TV Show,,,,,,
2023-07-30 15:06:35,Celebrity: Mini-série: #deviens_célèbre (Épisode 1),,TV Show,,,,,,
2023-07-22 12:21:46,Celebrity: Mini-série: #deviens_célèbre (Épisode 1),,TV Show,,,,,,
2023-06-24 21:19:11,NoGlobalVideo-CannotLocalize-81059027-en,,Movie,,,,,,
2023-06-11 11:05:55,Mr. Iglesias: Partie 2: La vocation (Épisode 1),,TV Show,,,,,,
2023-06-11 11:04:18,Mr. Iglesias: Partie 1: Le décathlon académique (Épisode 10),,TV Show,,,,,,
2023-06-10 13:26:56,Mr. Iglesias: Partie 1: Le décathlon académique (Épisode 10),,TV Show,,,,,,
2023-06-10 12:57:24,"Mr. Iglesias: Partie 1: Oh, Danny ! (Épisode 9)",,TV Show,,,,,,
2023-06-10 12:31:05,Mr. Iglesias: Partie 1: La grève des profs (Épisode 8),,TV Show,,,,,,
2023-06-10 12:06:24,Mr. Iglesias: Partie 1: Le concours de jeunes talents (Épisode 7),,TV Show,,,,,,
2023-06-10 11:57:13,Mr. Iglesias: Partie 1: Harcèlement (Épisode 6),,TV Show,,,,,,
2023-06-10 10:43:03,Mr. Iglesias: Partie 1: Harcèlement (Épisode 6),,TV Show,,,,,,
2023-06-10 09:13:13,Mr. Iglesias: Partie 1: Mon cartable et mon droit (Épisode 3),,TV Show,,,,,,
2023-06-10 08:45:10,Mr. Iglesias: Partie 1: Cours d'été (Épisode 2),,TV Show,,,,,,
2023-06-10 08:16:30,Mr. Iglesias: Partie 1: La pédagogie de l'abandon (Épisode 1),,TV Show,,,,,,
2023-06-07 22:18:57,Bande-annonce : Sirène : L'île aux survivantes,,TV Show,,,,,,
2023-05-27 15:28:25,NoGlobalVideo-CannotLocalize-81076555-en,,Movie,,,,,,
2023-05-27 13:56:00,La Crypte,,Movie,,,,,,
2023-05-27 13:55:15,NoGlobalVideo-CannotLocalize-81042707-en,,Movie,,,,,,
2023-05-27 13:05:30,Mulligan: Partie 1: Pas mon président (Épisode 9),,TV Show,,,,,,
2023-05-27 12:40:52,Mulligan: Partie 1: Un trésor en graines (Épisode 8),,TV Show,,,,,,
2023-05-27 12:14:42,Mulligan: Partie 1: Une chasse aux œufs extraordinaire (Épisode 7),,TV Show,,,,,,
2023-05-27 12:04:05,Mulligan: Partie 1: La partie n'est pas finie (Épisode 6),,TV Show,,,,,,
2023-05-26 19:41:10,Mulligan: Partie 1: La partie n'est pas finie (Épisode 6),,TV Show,,,,,,
2023-05-26 19:16:24,Mulligan: Partie 1: La schlingue (Épisode 5),,TV Show,,,,,,
2023-05-26 18:57:16,Mulligan: Partie 1: La plus timbrée (Épisode 4),,TV Show,,,,,,
2023-05-26 16:26:50,Mulligan: Partie 1: La plus timbrée (Épisode 4),,TV Show,,,,,,
2023-05-26 16:00:17,Mulligan: Partie 1: Une grosse teuf à l'ancienne (Épisode 3),,TV Show,,,,,,
2023-05-26 15:08:51,"Mulligan: Partie 1: Sauve la planète, Matty ! (Épisode 1)",,TV Show,,,,,,
2023-05-24 16:25:06,La Momie,,TV Show,,,,,,
2023-05-23 19:04:29,30 jours de nuit,,Movie,,,,,,
2023-05-23 16:28:33,30 jours de nuit,,Movie,,,,,,
2023-05-21 19:08:43,Mulligan: Partie 1: Pas mon président (Épisode 9),,TV Show,,,,,,
2023-05-21 18:44:07,Mulligan: Partie 1: Un trésor en graines (Épisode 8),,TV Show,,,,,,
2023-05-21 18:05:05,Mulligan: Partie 1: Une chasse aux œufs extraordinaire (Épisode 7),,TV Show,,,,,,
2023-05-21 17:40:28,Mulligan: Partie 1: La partie n'est pas finie (Épisode 6),,TV Show,,,,,,
2023-05-21 17:15:48,Mulligan: Partie 1: La schlingue (Épisode 5),,TV Show,,,,,,
2023-05-21 16:51:39,Mulligan: Partie 1: La plus timbrée (Épisode 4),,TV Show,,,,,,
2023-05-21 16:43:20,Mulligan: Partie 1: Une grosse teuf à l'ancienne (Épisode 3),,TV Show,,,,,,
2023-05-21 12:22:42,Mulligan: Partie 1: Une grosse teuf à l'ancienne (Épisode 3),,TV Show,,,,,,
2023-05-20 23:59:15,"Mulligan: Partie 1: Sauve la planète, Matty ! (Épisode 1)",,TV Show,,,,,,
2023-05-09 23:25:14,NoGlobalVideo-CannotLocalize-81666733-en,,TV Show,,,,,,
2023-05-09 23:25:06,NoGlobalVideo-CannotLocalize-81666733-en,,TV Show,,,,,,
2023-05-09 13:16:28,NoGlobalVideo-CannotLocalize-81666733-en,,TV Show,,,,,,
2023-04-28 20:11:54,Extrait 2 : Le jeu de la dame,,TV Show,,,,,,
2023-04-28 20:03:31,Ils ne pensent vraiment qu'à ça (Extrait) : Ils ne pensent vraiment qu'à ça,,Movie,,,,,,
2023-04-28 20:01:31,NoGlobalVideo-CannotLocalize-81654153-en,,Movie,,,,,,
2023-04-28 20:00:53,Saison 2 (Extrait 2) : Ta mère l'incruste,,TV Show,,,,,,
2023-04-28 20:00:47,Saison 2 (Extrait 2) : Ta mère l'incruste,,TV Show,,,,,,
2023-04-28 19:59:11,Hello Jadoo: Season 3_hook_02_16x9,,TV Show,,,,,,
2023-04-28 19:57:43,Chapardeur ! (Extrait) : Chapardeur !,,Movie,,,,,,
2023-04-14 21:15:28,New World: Mini-série: Épisode 6 (Épisode 6),,TV Show,,,,,,
2023-04-14 20:10:56,New World: Mini-série: Épisode 5 (Épisode 5),,TV Show,,,,,,
2023-04-14 20:02:50,New World: Mini-série: Épisode 4 (Épisode 4),,TV Show,,,,,,
2023-04-14 15:59:11,New World: Mini-série: Épisode 4 (Épisode 4),,TV Show,,,,,,
2023-04-13 16:10:15,NoGlobalVideo-CannotLocalize-81235009-en,,Movie,,,,,,
2023-04-12 10:35:25,New World: Mini-série: Épisode 2 (Épisode 2),,TV Show,,,,,,
2023-04-11 21:30:17,New World: Mini-série: Épisode 2 (Épisode 2),,TV Show,,,,,,
2023-04-11 18:19:57,NoGlobalVideo-CannotLocalize-81656996-en,,Movie,,,,,,
2023-01-19 19:40:51,PARADISEPD_PT3_CLIP_ACT2CONFLICT,,Movie,,,,,,
2023-01-14 12:22:32,Malnazidos,,Movie,,,,,,
2023-01-10 22:55:19,NoGlobalVideo-CannotLocalize-81009758-en,,TV Show,,,,,,
2023-01-04 16:30:17,Infectés,,Movie,,,,,,
2023-01-02 18:15:23,Harry Potter and the Sorcerer's Stone_hook_primary_16x9,,Movie,,,,,,
2023-01-01 15:54:13,NoGlobalVideo-CannotLocalize-81343821-en,,Movie,,,,,,
2022-12-22 15:11:18,NoGlobalVideo-CannotLocalize-81635652-en,,Movie,,,,,,
2022-12-22 15:06:27,Rouge Éclipse : Saison 1 (Bande-annonce),,TV Show,,,,,,
2022-12-19 18:04:28,PARADISEPD_PT3_CLIP_VILLAIN,,Movie,,,,,,
2022-12-18 20:34:51,Bloodshot_hook_primary_16x9,,Movie,,,,,,
2022-12-01 15:51:10,Eagle Eye_hook_primary_16x9,,Movie,,,,,,
2022-11-25 16:43:46,Pep's: Season 1_hook_primary_16x9,,TV Show,,,,,,
2022-11-23 18:34:50,NoGlobalVideo-CannotLocalize-81080422-en,,Movie,,,,,,
2022-11-22 21:53:27,Pep's: Season 1_hook_primary_16x9,,TV Show,,,,,,
2022-11-22 14:03:46,Pep's: Season 1_hook_primary_16x9,,TV Show,,,,,,
2022-11-22 14:02:02,Mini-série (Bande-annonce) : Notre univers,,TV Show,,,,,,
2022-11-20 11:56:58,Extrait : Le monde de demain,,Movie,,,,,,
2022-11-10 19:30:51,PARADISEPD_PT3_CLIP_MAINCHARACTER,,TV Show,,,,,,
2022-11-07 12:14:37,Bande-annonce : Killer Sally : Meurtre sous stéroïdes,,TV Show,,,,,,
2022-11-02 17:35:56,Grindhouse: Death Proof_hook_primary_16x9,,Movie,,,,,,
2022-11-01 15:30:01,PARADISEPD_PT3_CLIP_MAINCHARACTER,,TV Show,,,,,,
2022-10-28 23:18:04,NoGlobalVideo-CannotLocalize-81010768-en,,TV Show,,,,,,
2022-10-27 19:17:46,PARADISEPD_PT3_CLIP_MAINCHARACTER,,TV Show,,,,,,
2022-10-25 16:04:30,Mini-série (Extrait) : Oni : Légendes du tonnerre,,TV Show,,,,,,
2022-10-21 20:40:19,Tamara Vol. 2_hook_primary_16x9,,Movie,,,,,,
2022-10-19 20:03:45,Partie 4 (Bande-annonce) : Bienvenue chez Mamilia,,TV Show,,,,,,
2022-10-18 18:07:11,NoGlobalVideo-CannotLocalize-81010771-en,,Movie,,,,,,
2022-10-17 18:21:09,NoGlobalVideo-CannotLocalize-81010771-en,,Movie,,,,,,
2022-10-16 20:42:47,NoGlobalVideo-CannotLocalize-81592643-en,,Movie,,,,,,
2022-10-16 19:15:18,Le Mauvais Esprit d'Halloween,,Movie,,,,,,
2022-10-09 19:46:30,Le Téléphone de M. Harrigan (Extrait) : Le Téléphone de M. Harrigan,,Movie,,,,,,
2022-10-01 09:36:51,NoGlobalVideo-CannotLocalize-81150095-en,,TV Show,,,,,,
2022-09-30 18:26:13,Total Drama: Island_hook_primary_16x9,,TV Show,,,,,,
2022-09-22 19:04:10,The Anthrax Attacks (Extrait) : The Anthrax Attacks,,Movie,,,,,,
2022-09-22 19:03:31,Les Moyens de vos ambitions (Extrait 2) : Les Moyens de vos ambitions,,Movie,,,,,,
2022-09-22 19:02:24,Zoé + Juju : La chasse au fantôme de l'école (Extrait) : Zoé + Juju : La chasse au fantôme de l'école,,Movie,,,,,,
2022-09-22 19:01:28,Pas moyen de s'entendre ! (Extrait) : Pas moyen de s'entendre !,,Movie,,,,,,
2022-09-22 19:00:16,Les Murs vagabonds (Extrait 4) : Les Murs vagabonds,,Movie,,,,,,
2022-09-22 18:59:36,"Avant, j'étais célèbre (Extrait) : Avant, j'étais célèbre",,Movie,,,,,,
2022-09-20 15:26:15,Saison 2 (Bande-annonce) : Destin : La saga Winx,,TV Show,,,,,,
2022-09-20 12:39:53,Si tu me venges…,,Movie,,,,,,
2022-09-20 12:39:08,Bande-annonce : Si tu me venges…,,TV Show,,,,,,
2022-09-14 11:50:54,NoGlobalVideo-CannotLocalize-81135219-en,,Movie,,,,,,
2022-09-10 21:54:48,Errementari : Le Forgeron et le Diable (Bande-annonce),,TV Show,,,,,,
2022-09-10 20:09:54,Errementari : Le Forgeron et le Diable (Bande-annonce),,TV Show,,,,,,
2022-09-07 10:42:58,The Stand-In_hook_02_16x9,,Movie,,,,,,
2022-09-07 09:12:43,NoGlobalVideo-CannotLocalize-81036194-en,,Movie,,,,,,
2022-09-07 09:09:38,NoGlobalVideo-CannotLocalize-81477532-en,,Movie,,,,,,
2022-09-07 07:27:22,Life_hook_primary_16x9,,Movie,,,,,,
2022-09-05 23:01:09,McAfee : Des virus aux démons (Extrait) : McAfee : Des virus aux démons,,Movie,,,,,,
2022-09-05 22:59:36,Bande-annonce : J'ai tué mon père,,TV Show,,,,,,
2022-09-05 22:59:04,Zoé + Juju : Obligées de danser (Extrait) : Zoé + Juju : Obligées de danser,,Movie,,,,,,
2022-09-05 22:51:14,Pas moyen de s'entendre ! (Extrait) : Pas moyen de s'entendre !,,Movie,,,,,,
2022-09-05 22:50:46,Madea : Retour en fanfare,,Movie,,,,,,
2022-09-05 22:49:57,Errementari : Le Forgeron et le Diable (Bande-annonce),,TV Show,,,,,,
2022-09-05 21:14:23,Errementari : Le Forgeron et le Diable (Bande-annonce),,TV Show,,,,,,
2022-09-05 18:12:55,NoGlobalVideo-CannotLocalize-81075044-en,,Movie,,,,,,
2022-09-05 10:30:22,Errementari : Le Forgeron et le Diable (Bande-annonce),,TV Show,,,,,,
2022-09-02 20:08:44,Blanche-Neige et le Chasseur,,Movie,,,,,,
2022-09-02 20:00:04,Blanche-Neige et le Chasseur,,Movie,,,,,,
2022-09-02 18:09:13,Mini-série (Bande-annonce) : Thirty-Nine,,TV Show,,,,,,
2022-08-31 17:20:30,Mini-série (Bande-annonce) : Thirty-Nine,,TV Show,,,,,,
2022-08-31 16:28:30,Mini-série (Bande-annonce) : Thirty-Nine,,TV Show,,,,,,
2022-08-31 15:17:38,Bande-annonce : La vie scolaire,,TV Show,,,,,,
2022-08-29 19:21:12,"Boo, Bitch: Mini-série: Karma de merde (Épisode 3)",,TV Show,,,,,,
2022-08-29 18:56:45,"Boo, Bitch: Mini-série: Gueule de pétasse (Épisode 2)",,TV Show,,,,,,
2022-08-29 18:31:23,"Boo, Bitch: Mini-série: Vie de merde (Épisode 1)",,TV Show,,,,,,
2022-08-29 18:29:59,Split_hook_primary_16x9,,Movie,,,,,,
2022-08-29 16:10:52,Mini-série (Bande-annonce) : Thirty-Nine,,TV Show,,,,,,
2022-08-29 10:49:24,Errementari : Le Forgeron et le Diable,,TV Show,,,,,,
2022-08-27 16:51:53,NoGlobalVideo-CannotLocalize-81052322-en,,Movie,,,,,,
2022-08-27 16:50:59,Errementari : Le Forgeron et le Diable,,TV Show,,,,,,
2022-08-27 14:06:02,"Thirty-Nine: Mini-série: Trente, neuf (Épisode 1)",,TV Show,,,,,,
2022-08-27 07:27:54,NoGlobalVideo-CannotLocalize-81009758-en,,TV Show,,,,,,
2022-08-27 07:18:14,La Momie,,TV Show,,,,,,
2022-08-27 07:17:06,NoGlobalVideo-CannotLocalize-81055619-en,,Movie,,,,,,
2022-08-27 07:15:30,Une vie ou l'autre (Extrait) : Une vie ou l'autre,,Movie,,,,,,
2022-08-27 07:15:15,Teaser 2 : 365 jours : L'année d'après,,TV Show,,,,,,
2022-08-25 21:42:48,Fatal_hook_03_16x9,,Movie,,,,,,
2022-08-25 21:42:35,Ouija_hook_primary_16x9,,Movie,,,,,,
2022-08-25 21:27:37,Hook_hook_04_16x9,,Movie,,,,,,
2022-08-25 21:19:57,NoGlobalVideo-CannotLocalize-81052322-en,,Movie,,,,,,
2022-08-25 15:10:37,NoGlobalVideo-CannotLocalize-81009758-en,,TV Show,,,,,,
2022-08-21 13:35:50,Walter_hook_01_16x9,,Movie,,,,,,
2022-08-20 21:09:17,Désenchantée: Partie 2: La désenchanteresse (Épisode 1),,TV Show,,,,,,
2022-08-20 20:16:49,Désenchantée: Partie 1: In Elfo Veritas (Épisode 9),,TV Show,,,,,,
2022-08-20 19:51:13,Désenchantée: Partie 1: Les limites de l'immortalité (Épisode 8),,TV Show,,,,,,
2022-08-20 18:58:02,Désenchantée: Partie 1: Ambassadrice d'un tas de fange (Épisode 6),,TV Show,,,,,,
2022-08-20 18:31:24,Désenchantée: Partie 1: Permis de tous les occire (Épisode 5),,TV Show,,,,,,
2022-08-20 18:03:11,Désenchantée: Partie 1: Massacre au château (Épisode 4),,TV Show,,,,,,
2022-08-20 17:36:01,Désenchantée: Partie 1: La princesse des ténèbres (Épisode 3),,TV Show,,,,,,
2022-08-20 17:09:57,Désenchantée: Partie 1: Pour qui grogne le cochon (Épisode 2),,TV Show,,,,,,
2022-08-20 12:07:26,Désenchantée: Partie 1: Pour qui grogne le cochon (Épisode 2),,TV Show,,,,,,
2022-08-20 09:43:41,Le Monstre des mers,,Movie,,,,,,
2022-08-20 09:40:05,Catacombes,,Movie,,,,,,
2022-08-19 10:10:25,NoGlobalVideo-CannotLocalize-81078627-en,,Movie,,,,,,
2022-08-16 20:25:59,NoGlobalVideo-CannotLocalize-81009758-en,,TV Show,,,,,,
2022-08-14 13:16:02,BIGMOUTH_S4_CLIP_PLOT,,Movie,,,,,,
2022-08-14 09:26:45,BigMouth_S4_NoMarketingCard,,Movie,,,,,,
2022-08-12 10:48:03,Rien que pour vos cheveux,,Movie,,,,,,
2022-08-11 20:12:15,Rien que pour vos cheveux,,Movie,,,,,,
2022-08-09 17:15:31,Teaser : Keep Sweet : Prie et tais-toi,,TV Show,,,,,,
2022-08-09 17:12:50,Mini-série (Extrait) : L'Homme le plus détesté d'Internet,,TV Show,,,,,,
2022-08-09 15:45:12,NoGlobalVideo-CannotLocalize-81080422-en,,Movie,,,,,,
2022-08-02 16:28:51,Total Drama: Island_hook_primary_16x9,,TV Show,,,,,,
2022-07-30 13:23:33,Bande-annonce : La Faute au karma ?,,TV Show,,,,,,
2022-07-28 20:40:56,Partie 4 (Extrait) : Bienvenue chez Mamilia,,TV Show,,,,,,
2022-07-26 16:56:17,Bande-annonce : Le Monstre des mers,,TV Show,,,,,,
2022-07-26 16:01:24,Mini-série (Extrait) : Les Principes du plaisir,,TV Show,,,,,,
2022-07-25 18:35:26,Les Principes du plaisir: Mini-série: Nos corps (Épisode 1),,TV Show,,,,,,
2022-07-25 18:33:40,Mini-série (Extrait) : Les Principes du plaisir,,TV Show,,,,,,
2022-07-24 18:16:02,Bande-annonce : Le Monstre des mers,,TV Show,,,,,,
2022-07-23 17:02:34,NoGlobalVideo-CannotLocalize-81008426-en,,TV Show,,,,,,
2022-07-23 12:40:47,Mini-série (Bande-annonce) : Thirty-Nine,,TV Show,,,,,,
2022-07-23 12:38:15,NoGlobalVideo-CannotLocalize-81008426-en,,TV Show,,,,,,
2022-07-23 07:23:21,NoGlobalVideo-CannotLocalize-81008426-en,,TV Show,,,,,,
2022-07-21 16:58:04,Bande-annonce : Le Monstre des mers,,TV Show,,,,,,
2022-07-20 23:40:52,Mini-série (Bande-annonce) : Thirty-Nine,,TV Show,,,,,,
2022-07-17 12:45:17,Bande-annonce : Le Monstre des mers,,TV Show,,,,,,
2022-07-16 14:39:30,Mini-série (Bande-annonce) : Thirty-Nine,,TV Show,,,,,,
2022-07-14 12:28:39,Bande-annonce : Shimon Peres : L'homme qui osait rêver,,TV Show,,,,,,
2022-07-14 12:26:28,Mini-série (Extrait) : Au-delà de la douleur,,TV Show,,,,,,
2022-07-14 12:19:37,Without a Paddle_hook_04_16x9,,Movie,,,,,,
2022-07-14 09:29:28,Le Monstre des mers (Extrait) : Le Monstre des mers,,Movie,,,,,,
2022-07-14 09:29:11,NoGlobalVideo-CannotLocalize-81045124-en,,Movie,,,,,,
2022-07-09 18:09:37,Mini-série (Bande-annonce) : Thirty-Nine,,TV Show,,,,,,
2022-07-09 09:09:00,Le Monstre des mers,,Movie,,,,,,
2022-07-09 09:06:49,Bande-annonce : Le Monstre des mers,,TV Show,,,,,,
2022-07-09 07:20:44,Supporting Character Clip: Les Liaisons Dangereuses,,Movie,,,,,,
2022-07-07 09:15:59,"Thirty-Nine: Mini-série: Trente, neuf (Épisode 1)",,TV Show,,,,,,
2022-07-05 14:59:58,Mini-série (Teaser) : Thirty-Nine,,TV Show,,,,,,
2022-07-05 09:10:49,"Thirty-Nine: Mini-série: Trente, neuf (Épisode 1)",,TV Show,,,,,,
2022-07-05 09:02:41,Pucca: Saison 1: Le concours de cuisine de Sooga (Épisode 1),,TV Show,,,,,,
2022-07-04 17:02:52,The Toy_hook_03_16x9,,Movie,,,,,,
2022-07-04 17:02:18,Ten Percent (aka Call My Agent!): Season 1_hook_05_16x9,,TV Show,,,,,,
2022-07-04 16:58:25,AMERICATHEMOTIONPICTURE_CLIP_VILLAIN,,Movie,,,,,,
2022-07-04 16:45:12,NoGlobalVideo-CannotLocalize-81150095-en,,TV Show,,,,,,
2022-07-04 16:42:23,Av: The Hunt_hook_01_16x9,,Movie,,,,,,
2022-07-04 16:38:24,MRIGLESIAS_PT3_CLIP_INCITINGINCIDENT,,Movie,,,,,,
2022-06-25 13:59:33,Without a Paddle_hook_primary_16x9,,Movie,,,,,,
2022-05-27 14:59:30,Les désastreuses aventures des orphelins Baudelaire (B.-A.),,Movie,,,,,,
2022-05-27 14:57:46,Turbo_hook_primary_16x9,,Movie,,,,,,
2022-05-27 14:56:17,Notre planète : Animaux extraordinaires,,Movie,,,,,,
2022-05-27 14:25:47,Mr. Iglesias: Partie 3: Le bal (Épisode 5),,TV Show,,,,,,
2022-05-27 13:57:20,Mr. Iglesias: Partie 3: De mal en père (Épisode 4),,TV Show,,,,,,
2022-05-27 13:32:38,Mr. Iglesias: Partie 3: Favoritisme (Épisode 3),,TV Show,,,,,,
2022-05-27 13:07:56,Mr. Iglesias: Partie 3: On a le droit de rêver (Épisode 2),,TV Show,,,,,,
2022-05-27 12:38:33,Mr. Iglesias: Partie 3: Techniquement parlant (Épisode 1),,TV Show,,,,,,
2022-05-27 12:10:51,Mr. Iglesias: Partie 2: Mon royaume pour une conseillère ! (Épisode 6),,TV Show,,,,,,
2022-05-27 11:44:33,Mr. Iglesias: Partie 2: Tacos à la philippine (Épisode 5),,TV Show,,,,,,
2022-05-27 11:20:11,Mr. Iglesias: Partie 2: Génération verte (Épisode 4),,TV Show,,,,,,
2022-05-27 10:52:31,Mr. Iglesias: Partie 2: Mieux vaut seule... (Épisode 3),,TV Show,,,,,,
2022-05-27 10:01:50,Mr. Iglesias: Partie 2: La vocation (Épisode 1),,TV Show,,,,,,
2022-05-27 09:31:52,Mr. Iglesias: Partie 1: Le décathlon académique (Épisode 10),,TV Show,,,,,,
2022-05-27 09:02:06,"Mr. Iglesias: Partie 1: Oh, Danny ! (Épisode 9)",,TV Show,,,,,,
2022-05-27 08:35:29,Mr. Iglesias: Partie 1: La grève des profs (Épisode 8),,TV Show,,,,,,
2022-05-27 08:10:39,Mr. Iglesias: Partie 1: Le concours de jeunes talents (Épisode 7),,TV Show,,,,,,
2022-05-27 07:39:17,Mr. Iglesias: Partie 1: Harcèlement (Épisode 6),,TV Show,,,,,,
2022-05-27 06:14:43,Mr. Iglesias: Partie 1: Mon cartable et mon droit (Épisode 3),,TV Show,,,,,,
2022-05-27 05:46:20,Mr. Iglesias: Partie 1: Cours d'été (Épisode 2),,TV Show,,,,,,
2022-05-27 05:45:27,Mr. Iglesias: Partie 1: La pédagogie de l'abandon (Épisode 1),,TV Show,,,,,,
2022-05-19 09:37:42,ChillingAdventuresofSabrina_Pt4_NoMarketingCard,,Movie,,,,,,
2022-05-18 12:14:05,Venom_hook_primary_16x9,,TV Show,,,,,,
2022-05-17 14:43:23,Les Parias,,TV Show,,,,,,
2022-05-17 06:18:12,Venom_hook_primary_16x9,,TV Show,,,,,,
2022-04-17 11:35:07,NoGlobalVideo-CannotLocalize-81032025-en,,Movie,,,,,,
2022-04-10 17:31:26,The Hungover Games_hook_primary_16x9,,Movie,,,,,,
2022-04-06 16:12:24,The Hangover: Part II_hook_primary_16x9,,Movie,,,,,,
2022-04-06 11:22:00,NoGlobalVideo-CannotLocalize-81030298-en,,Movie,,,,,,
2022-02-23 01:14:58,Bande-annonce : Massacre à la tronçonneuse,,TV Show,,,,,,
2022-02-13 20:43:29,NoGlobalVideo-CannotLocalize-81150095-en,,TV Show,,,,,,
2022-02-09 22:05:38,Planète terreur,,Movie,,,,,,
2022-01-23 17:27:13,À découper suivant les pointillés: Saison 1: Motus (Épisode 5),,TV Show,,,,,,
2022-01-23 17:08:47,À découper suivant les pointillés: Saison 1: Perdre la boussole (Épisode 4),,TV Show,,,,,,
2022-01-23 16:51:26,À découper suivant les pointillés: Saison 1: Y'a toujours pire (Épisode 3),,TV Show,,,,,,
2022-01-23 16:35:50,À découper suivant les pointillés: Saison 1: Juste un brin d'herbe (Épisode 2),,TV Show,,,,,,
2022-01-23 16:21:44,À découper suivant les pointillés: Saison 1: Les petites bêtes des toilettes (Épisode 1),,TV Show,,,,,,
2022-01-11 13:50:38,Notre planète : Animaux extraordinaires,,Movie,,,,,,
2022-01-11 13:49:09,NoGlobalVideo-CannotLocalize-81150095-en,,TV Show,,,,,,
2021-12-29 11:39:29,"Désenchantée: Partie 2: Nos corps, nos elfes (Épisode 5)",,TV Show,,,,,,
2021-12-29 11:39:18,La filature (Bande-annonce),,Movie,,,,,,
2021-12-29 11:38:50,NoGlobalVideo-CannotLocalize-81036122-en,,Movie,,,,,,
2021-12-09 22:43:18,Agents Presque Secrets,,Movie,,,,,,
2021-11-07 15:35:03,Jusqu'à l'Aube: Saison 1: La dame blanche (Épisode 2),,TV Show,,,,,,
2021-11-07 15:10:10,Jusqu'à l'Aube: Saison 1: Le monastère abandonné (Épisode 1),,TV Show,,,,,,
2021-10-23 12:26:58,Les Aventuriers de l'univers perdu,,Movie,,,,,,
2021-09-21 12:27:11,NoGlobalVideo-CannotLocalize-81045480-en,,Movie,,,,,,
2021-09-21 12:26:14,NoGlobalVideo-CannotLocalize-81147733-en,,Movie,,,,,,
2021-09-09 10:14:23,NoGlobalVideo-CannotLocalize-81228988-en,,Movie,,,,,,
2021-09-09 10:11:58,METEORGARDEN_S1_CLIP_SUPPORTINGCHARACTER,,Movie,,,,,,
2021-09-09 10:11:33,NoGlobalVideo-CannotLocalize-81465606-en,,Movie,,,,,,
2021-09-09 10:10:49,NoGlobalVideo-CannotLocalize-81121419-en,,Movie,,,,,,
2021-09-09 10:08:43,NoGlobalVideo-CannotLocalize-81228976-en,,Movie,,,,,,
2021-09-09 10:07:38,NoGlobalVideo-CannotLocalize-81284095-en,,Movie,,,,,,
2021-09-09 10:07:09,NoGlobalVideo-CannotLocalize-81392033-en,,Movie,,,,,,
2021-09-09 10:02:36,NoGlobalVideo-CannotLocalize-81038303-en,,Movie,,,,,,
2021-09-09 09:59:07,NoGlobalVideo-CannotLocalize-81044559-en,,Movie,,,,,,
2021-09-09 09:58:48,NoGlobalVideo-CannotLocalize-81201307-en,,Movie,,,,,,
2021-09-08 09:40:17,NoGlobalVideo-CannotLocalize-81148674-en,,Movie,,,,,,
2021-07-06 21:21:29,Matilda_hook_04_16x9,,Movie,,,,,,
2021-07-06 21:21:11,NoGlobalVideo-CannotLocalize-81009736-en,,Movie,,,,,,
2021-07-06 19:50:12,NoGlobalVideo-CannotLocalize-81150095-en,,TV Show,,,,,,
2021-06-28 17:05:23,Même pas la peine: Saison 1: Épisode 1 (Épisode 1),,TV Show,,,,,,
2021-06-21 17:59:11,NoGlobalVideo-CannotLocalize-81031001-en,,Movie,,,,,,
2021-06-21 17:33:09,Barbares (Teaser) : Barbares,,Movie,,,,,,
2021-06-21 17:31:22,NoGlobalVideo-CannotLocalize-81084815-en,,Movie,,,,,,
2021-06-21 17:28:35,NoGlobalVideo-CannotLocalize-81035263-en,,Movie,,,,,,
2021-06-21 17:12:10,Blanche Gardin: Bonne Nuit Blanche (France)_hook_primary_16x9,,Movie,,,,,,
2021-05-30 20:10:49,Thomas VDB - Bon Chienchien,,Movie,,,,,,
2021-05-25 23:06:12,Baptiste Lecaplain - Origines,,Movie,,,,,,
2021-05-25 22:27:51,Baptiste Lecaplain - Origines,,Movie,,,,,,
2021-05-24 17:45:06,Le Monde incroyable de Gumball: Saison 3: Les procrastinateurs / La coquille (Épisode 10),,TV Show,,,,,,
2021-05-24 17:23:41,Le Monde incroyable de Gumball: Saison 3: Les mères / Le mot de passe (Épisode 9),,TV Show,,,,,,
2021-05-24 17:02:15,Le Monde incroyable de Gumball: Saison 3: La loi / L'allergie (Épisode 8),,TV Show,,,,,,
2021-05-24 16:36:58,Le Monde incroyable de Gumball: Saison 3: Le patron / Le menteur (Épisode 7),,TV Show,,,,,,
2021-05-24 16:15:32,Le Monde incroyable de Gumball: Saison 3: L'imposteur / Le néant (Épisode 6),,TV Show,,,,,,
2021-05-24 15:54:06,Le Monde incroyable de Gumball: Saison 3: Les râleurs / Les vacances (Épisode 5),,TV Show,,,,,,
2021-05-24 15:28:57,Le Monde incroyable de Gumball: Saison 3: Le nom / Les figurants (Épisode 4),,TV Show,,,,,,
2021-05-24 15:07:33,Le Monde incroyable de Gumball: Saison 3: La recette / Le toutou (Épisode 3),,TV Show,,,,,,
2021-05-24 14:46:09,Le Monde incroyable de Gumball: Saison 3: Le coach / Le bonheur (Épisode 2),,TV Show,,,,,,
2021-05-24 14:24:41,Le Monde incroyable de Gumball: Saison 3: Les enfants / L'admiratrice (Épisode 1),,TV Show,,,,,,
2021-05-21 19:46:01,Les Irréguliers de Baker Street: Saison 1: Chapitre un : Une menace plane sur Londres (Épisode 1),,TV Show,,,,,,
2021-04-17 07:01:02,Le beau rôle,,Movie,,,,,,
2021-02-03 19:36:16,"South Park, le film",,TV Show,,,,,,
2021-02-03 12:23:52,Vermin: Saison 1: Le Nouveau (Épisode 1),,TV Show,,,,,,
2021-02-02 20:15:25,Perdus dans l'espace: Saison 1: Diamants du ciel (Épisode 2),,TV Show,,,,,,
2021-02-02 19:16:47,Perdus dans l'espace: Saison 1: Impact (Épisode 1),,TV Show,,,,,,
2021-01-24 21:16:53,Les affamés,,TV Show,,,,,,
2020-12-25 10:45:59,Shigurui: Death Frenzy: Complete Saison: Combat au château de Sunpu (Épisode 1),,TV Show,,,,,,
2020-12-18 09:48:06,"Albator, corsaire de l'espace",,TV Show,,,,,,
2020-12-18 09:48:03,"Albator, corsaire de l'espace",,TV Show,,,,,,
2020-12-18 09:46:02,Princesse Mononoké,,Movie,,,,,,
2020-11-26 01:44:24,Pucca: Saison 1: Le concours de cuisine de Sooga (Épisode 1),,TV Show,,,,,,
2020-11-26 01:40:51,Totally Spies!: Saison 2: Le boys band fou (Épisode 8),,TV Show,,,,,,
2020-11-19 21:32:18,Il était une fois…les Découvreurs: Saison 1: Archimède et les grecs (Épisode 1),,TV Show,,,,,,
2020-11-10 10:23:48,Mise à l'épreuve,,Movie,,,,,,
2020-11-04 23:15:11,Le Manoir,,TV Show,,,,,,
2020-11-04 23:14:10,La influencia,,Movie,,,,,,
2020-11-04 23:13:50,Aterrados,,Movie,,,,,,
2020-10-31 20:44:26,"Albator, corsaire de l'espace",,TV Show,,,,,,
2020-10-28 14:06:25,Mr. Iglesias: Partie 1: La pédagogie de l'abandon (Épisode 1),,TV Show,,,,,,
2020-10-28 13:49:06,Mr. Iglesias: Partie 1: La pédagogie de l'abandon (Épisode 1),,TV Show,,,,,,
2020-10-28 13:48:46,Mr. Iglesias: Partie 1: Cours d'été (Épisode 2),,TV Show,,,,,,
2020-10-15 16:32:31,Birth of a Beauty: Mini-série: Épisode 14 (Épisode 14),,TV Show,,,,,,
2020-10-10 14:08:36,A Korean Odyssey: Mini-série: Épisode 6 (Épisode 6),,TV Show,,,,,,
2020-10-10 14:07:49,A Korean Odyssey: Mini-série: Épisode 6 (Épisode 6),,TV Show,,,,,,
2020-10-08 21:18:55,A Korean Odyssey: Mini-série: Épisode 6 (Épisode 6),,TV Show,,,,,,
2020-10-08 20:21:56,A Korean Odyssey: Mini-série: Épisode 5 (Épisode 5),,TV Show,,,,,,
2020-10-08 19:02:11,A Korean Odyssey: Mini-série: Épisode 4 (Épisode 4),,TV Show,,,,,,
2020-10-08 17:02:46,A Korean Odyssey: Mini-série: Épisode 2 (Épisode 2),,TV Show,,,,,,
2020-10-08 14:06:04,A Korean Odyssey: Mini-série: Épisode 2 (Épisode 2),,TV Show,,,,,,
2020-10-08 13:41:49,A Korean Odyssey: Mini-série: Épisode 2 (Épisode 2),,TV Show,,,,,,
2020-10-08 12:32:13,Birth of a Beauty: Mini-série: Épisode 14 (Épisode 14),,TV Show,,,,,,
2020-10-03 15:54:21,Birth of a Beauty: Mini-série: Épisode 14 (Épisode 14),,TV Show,,,,,,
2020-10-03 15:26:58,Birth of a Beauty: Mini-série: Épisode 12 (Épisode 12),,TV Show,,,,,,
2020-10-03 15:04:45,Birth of a Beauty: Mini-série: Épisode 11 (Épisode 11),,TV Show,,,,,,
2020-10-02 16:38:08,Birth of a Beauty: Mini-série: Épisode 6 (Épisode 6),,TV Show,,,,,,
2020-10-02 16:21:23,Birth of a Beauty: Mini-série: Épisode 5 (Épisode 5),,TV Show,,,,,,
2020-10-02 16:05:46,Birth of a Beauty: Mini-série: Épisode 4 (Épisode 4),,TV Show,,,,,,
2020-10-02 15:08:00,Birth of a Beauty: Mini-série: Épisode 2 (Épisode 2),,TV Show,,,,,,
2020-09-04 18:46:52,Shigurui: Death Frenzy: Complete Saison: Combat au château de Sunpu (Épisode 1),,TV Show,,,,,,
2020-07-04 20:26:50,"Désenchantée: Partie 2: Nos corps, nos elfes (Épisode 5)",,TV Show,,,,,,
2020-07-04 20:24:27,Shigurui: Death Frenzy: Complete Saison: Combat au château de Sunpu (Épisode 1),,TV Show,,,,,,
2020-07-04 20:23:42,La Colle,,Movie,,,,,,
2020-07-04 20:22:13,Mr. Iglesias: Partie 1: La pédagogie de l'abandon (Épisode 1),,TV Show,,,,,,
2020-07-01 19:16:23,Mr. Iglesias: Partie 1: La pédagogie de l'abandon (Épisode 1),,TV Show,,,,,,
2020-07-01 19:15:58,Mr. Iglesias: Partie 1: La pédagogie de l'abandon (Épisode 1),,TV Show,,,,,,
2020-07-01 19:12:03,Mr. Iglesias: Partie 1: La pédagogie de l'abandon (Épisode 1),,TV Show,,,,,,
2020-07-01 18:43:27,Mr. Iglesias: Partie 2: Mon royaume pour une conseillère ! (Épisode 6),,TV Show,,,,,,
2020-07-01 18:17:08,Mr. Iglesias: Partie 2: Tacos à la philippine (Épisode 5),,TV Show,,,,,,
2020-07-01 17:52:54,Mr. Iglesias: Partie 2: Génération verte (Épisode 4),,TV Show,,,,,,
2020-07-01 17:25:21,Mr. Iglesias: Partie 2: Mieux vaut seule... (Épisode 3),,TV Show,,,,,,
2020-07-01 15:35:22,Mr. Iglesias: Partie 2: La vocation (Épisode 1),,TV Show,,,,,,
2020-07-01 15:05:30,Mr. Iglesias: Partie 1: Le décathlon académique (Épisode 10),,TV Show,,,,,,
2020-07-01 14:35:21,"Mr. Iglesias: Partie 1: Oh, Danny ! (Épisode 9)",,TV Show,,,,,,
2020-07-01 14:22:02,Mr. Iglesias: Partie 1: La grève des profs (Épisode 8),,TV Show,,,,,,
2020-06-30 21:15:32,Mr. Iglesias: Partie 1: La grève des profs (Épisode 8),,TV Show,,,,,,
2020-06-30 20:50:41,Mr. Iglesias: Partie 1: Le concours de jeunes talents (Épisode 7),,TV Show,,,,,,
2020-06-30 20:24:00,Mr. Iglesias: Partie 1: Harcèlement (Épisode 6),,TV Show,,,,,,
2020-06-30 18:59:35,Mr. Iglesias: Partie 1: Mon cartable et mon droit (Épisode 3),,TV Show,,,,,,
2020-06-30 18:31:21,Mr. Iglesias: Partie 1: Cours d'été (Épisode 2),,TV Show,,,,,,
2020-06-30 18:02:28,Mr. Iglesias: Partie 1: La pédagogie de l'abandon (Épisode 1),,TV Show,,,,,,
2020-06-28 13:02:51,Le Manoir,,TV Show,,,,,,
2020-06-28 10:57:53,Le Manoir,,TV Show,,,,,,
2020-06-23 14:42:36,Le Manoir,,TV Show,,,,,,
2020-06-14 10:20:36,Le rituel,,Movie,,,,,,
2020-06-11 14:50:04,Les affamés,,TV Show,,,,,,
2020-06-09 18:12:27,Waterworld - O Segredo das Águas,,Movie,,,,,,
2020-06-09 14:24:31,Waterworld - O Segredo das Águas,,Movie,,,,,,
2020-06-08 17:46:33,Scooby-Doo 2 : les monstres se déchaînent,,TV Show,,,,,,
2020-05-11 21:18:44,Le Voyage de Chihiro,,Movie,,,,,,
2020-05-07 21:39:16,Les Contes de Terremer,,Movie,,,,,,
2020-05-07 20:21:28,Le Château ambulant,,TV Show,,,,,,
2020-05-07 20:21:08,Le Château ambulant,,TV Show,,,,,,
2020-05-01 16:05:19,Au fil des jours: Saison 1: La Quinceañera (Épisode 1),,TV Show,,,,,,
2020-05-01 16:02:40,Jusqu'à l'Aube: Saison 1: Le monastère abandonné (Épisode 1),,TV Show,,,,,,
2020-04-24 20:12:28,Rooftop Prince: Mini-série: Épisode 12 (Épisode 12),,TV Show,,,,,,
2020-04-20 18:10:04,7SEEDS: Partie 1: Le début du printemps (Épisode 1),,TV Show,,,,,,
2020-04-20 17:28:33,7SEEDS: Partie 1: Le début du printemps (Épisode 1),,TV Show,,,,,,
2020-04-20 08:48:40,7SEEDS: Partie 1: Le début du printemps (Épisode 1),,TV Show,,,,,,
2020-04-20 08:46:55,7SEEDS: Partie 1: Le début du printemps (Épisode 1),,TV Show,,,,,,
2020-04-20 08:13:13,7SEEDS: Partie 1: Le début du printemps (Épisode 1),,TV Show,,,,,,
2020-04-20 08:12:59,7SEEDS: Partie 1: La grande neige (Épisode 5),,TV Show,,,,,,
2020-04-13 13:35:14,7SEEDS: Partie 1: La grande neige (Épisode 5),,TV Show,,,,,,
2020-04-13 13:11:00,7SEEDS: Partie 1: Le début de l'automne (Épisode 4),,TV Show,,,,,,
2020-04-13 12:26:17,7SEEDS: Partie 1: Le réveil des insectes (Épisode 2),,TV Show,,,,,,
2020-04-13 12:04:26,7SEEDS: Partie 1: Le début du printemps (Épisode 1),,TV Show,,,,,,
2020-04-13 12:03:45,Le Château ambulant,,TV Show,,,,,,
2020-04-12 12:46:45,7SEEDS: Partie 1: Le début du printemps (Épisode 1),,TV Show,,,,,,
2020-03-25 12:58:38,Le Chaperon rouge,,Movie,,,,,,
2020-03-20 13:20:31,Le Voyage de Chihiro,,Movie,,,,,,
2020-03-20 13:20:18,Princesse Mononoké,,Movie,,,,,,
2020-02-22 12:49:10,Les affamés,,TV Show,,,,,,
2020-02-22 07:05:36,"South Park, le film",,TV Show,,,,,,
2020-02-20 16:42:32,"South Park, le film",,TV Show,,,,,,
2020-02-20 16:41:20,"Albator, corsaire de l'espace",,TV Show,,,,,,
2020-01-13 13:25:05,Perdus dans l'espace: Saison 1: Impact (Épisode 1),,TV Show,,,,,,
2020-01-10 16:39:12,Perdus dans l'espace: Saison 1: Impact (Épisode 1),,TV Show,,,,,,
2020-01-10 16:37:49,Jusqu'à l'Aube: Saison 1: Le monastère abandonné (Épisode 1),,TV Show,,,,,,
2019-12-01 08:50:36,Shigurui: Death Frenzy: Complete Saison: Combat au château de Sunpu (Épisode 1),,TV Show,,,,,,
2019-11-09 21:47:03,Désenchantée: Partie 2: Le cœur solitaire est un chasseur (Épisode 4),,TV Show,,,,,,
2019-11-09 21:33:20,Désenchantée: Partie 2: Le cœur solitaire est un chasseur (Épisode 4),,TV Show,,,,,,
2019-11-09 21:09:10,Désenchantée: Partie 2: Le rêve (Épisode 3),,TV Show,,,,,,
2019-11-09 20:42:45,Désenchantée: Partie 2: La descente aux enfers (Épisode 2),,TV Show,,,,,,
2019-11-09 20:13:56,Désenchantée: Partie 2: La désenchanteresse (Épisode 1),,TV Show,,,,,,
2019-10-29 08:03:24,Cauchemars et canulars: Saison 1: Une fête mortelle (Épisode 8),,TV Show,,,,,,
2019-10-29 07:44:34,Cauchemars et canulars: Saison 1: Terreur au musée (Épisode 7),,TV Show,,,,,,
2019-10-29 07:20:54,Cauchemars et canulars: Saison 1: L'ovni oublié (Épisode 6),,TV Show,,,,,,
2019-10-29 06:57:23,Cauchemars et canulars: Saison 1: Colo mortelle (Épisode 5),,TV Show,,,,,,
2019-10-28 22:33:45,Cauchemars et canulars: Saison 1: Colo mortelle (Épisode 5),,TV Show,,,,,,
2019-10-28 22:12:42,Cauchemars et canulars: Saison 1: Panique aux urgences (Épisode 4),,TV Show,,,,,,
2019-10-28 21:50:25,Cauchemars et canulars: Saison 1: Un nouveau visage (Épisode 3),,TV Show,,,,,,
2019-10-28 21:30:36,Cauchemars et canulars: Saison 1: Au bout de la route (Épisode 2),,TV Show,,,,,,
2019-10-28 21:06:56,Cauchemars et canulars: Saison 1: Une peluche démoniaque (Épisode 1),,TV Show,,,,,,
2019-10-25 16:28:29,Bienvenue chez Mamilia: Partie 1: Comment tout a commencé (Épisode 1),,TV Show,,,,,,
2019-09-15 16:14:34,Mr. Iglesias: Partie 1: Le décathlon académique (Épisode 10),,TV Show,,,,,,
2019-09-15 15:44:52,"Mr. Iglesias: Partie 1: Oh, Danny ! (Épisode 9)",,TV Show,,,,,,
2019-09-15 15:19:04,Mr. Iglesias: Partie 1: La grève des profs (Épisode 8),,TV Show,,,,,,
2019-09-15 14:59:19,Mr. Iglesias: Partie 1: Le concours de jeunes talents (Épisode 7),,TV Show,,,,,,
2019-09-15 14:32:38,Mr. Iglesias: Partie 1: Harcèlement (Épisode 6),,TV Show,,,,,,
2019-09-15 08:57:09,Mr. Iglesias: Partie 1: Mon cartable et mon droit (Épisode 3),,TV Show,,,,,,
2019-09-15 08:30:19,Mr. Iglesias: Partie 1: Cours d'été (Épisode 2),,TV Show,,,,,,
2019-09-15 08:02:06,Mr. Iglesias: Partie 1: La pédagogie de l'abandon (Épisode 1),,TV Show,,,,,,
2019-09-01 11:56:23,Désenchantée: Partie 1: In Elfo Veritas (Épisode 9),,TV Show,,,,,,
2019-09-01 11:30:54,Désenchantée: Partie 1: Les limites de l'immortalité (Épisode 8),,TV Show,,,,,,
2019-09-01 10:37:55,Désenchantée: Partie 1: Ambassadrice d'un tas de fange (Épisode 6),,TV Show,,,,,,
2019-09-01 10:11:24,Désenchantée: Partie 1: Permis de tous les occire (Épisode 5),,TV Show,,,,,,
2019-09-01 09:43:15,Désenchantée: Partie 1: Massacre au château (Épisode 4),,TV Show,,,,,,
2019-09-01 09:16:20,Désenchantée: Partie 1: La princesse des ténèbres (Épisode 3),,TV Show,,,,,,
2019-09-01 08:50:03,Désenchantée: Partie 1: Pour qui grogne le cochon (Épisode 2),,TV Show,,,,,,
2019-08-09 17:32:17,Indiana Jones et le royaume du crâne de cristal,,Movie,,,,,,
2019-07-02 20:05:59,Mr. Iglesias: Partie 1: La pédagogie de l'abandon (Épisode 1),,TV Show,,,,,,
2019-06-29 19:29:09,Mr. Iglesias: Partie 1: La pédagogie de l'abandon (Épisode 1),,TV Show,,,,,,
2019-04-25 18:41:41,Le Retour de la momie,,TV Show,,,,,,
2019-04-25 16:59:56,Le Retour de la momie,,TV Show,,,,,,
2019-04-24 19:33:48,Le Retour de la momie,,TV Show,,,,,,
2019-04-24 18:21:40,La Momie,,TV Show,,,,,,
2019-03-11 00:22:30,Rooftop Prince: Mini-série: Épisode 11 (Épisode 11),,TV Show,,,,,,
2019-03-10 18:18:43,Rooftop Prince: Mini-série: Épisode 6 (Épisode 6),,TV Show,,,,,,
2019-03-10 18:15:21,Rooftop Prince: Mini-série: Épisode 5 (Épisode 5),,TV Show,,,,,,
2019-03-10 16:57:09,Rooftop Prince: Mini-série: Épisode 5 (Épisode 5),,TV Show,,,,,,
2019-03-10 16:20:40,Rooftop Prince: Mini-série: Épisode 5 (Épisode 5),,TV Show,,,,,,
2019-03-10 16:19:29,Rooftop Prince: Mini-série: Épisode 4 (Épisode 4),,TV Show,,,,,,
2019-03-10 15:25:25,Rooftop Prince: Mini-série: Épisode 4 (Épisode 4),,TV Show,,,,,,
2019-03-10 14:42:38,Rooftop Prince: Mini-série: Épisode 2 (Épisode 2),,TV Show,,,,,,
2019-02-23 18:18:07,Birth of a Beauty: Mini-série: Épisode 20 (Épisode 20),,TV Show,,,,,,
2019-02-23 18:03:47,Birth of a Beauty: Mini-série: Épisode 19 (Épisode 19),,TV Show,,,,,,
2019-02-23 17:54:46,Birth of a Beauty: Mini-série: Épisode 18 (Épisode 18),,TV Show,,,,,,
2019-02-23 17:42:42,Birth of a Beauty: Mini-série: Épisode 17 (Épisode 17),,TV Show,,,,,,
2019-02-23 17:34:42,Birth of a Beauty: Mini-série: Épisode 16 (Épisode 16),,TV Show,,,,,,
2019-02-23 17:31:00,Birth of a Beauty: Mini-série: Épisode 15 (Épisode 15),,TV Show,,,,,,
2019-02-23 17:13:54,Birth of a Beauty: Mini-série: Épisode 14 (Épisode 14),,TV Show,,,,,,
2019-02-23 16:43:58,Birth of a Beauty: Mini-série: Épisode 12 (Épisode 12),,TV Show,,,,,,
2019-02-23 16:37:54,Birth of a Beauty: Mini-série: Épisode 11 (Épisode 11),,TV Show,,,,,,
2019-02-23 13:15:30,Birth of a Beauty: Mini-série: Épisode 6 (Épisode 6),,TV Show,,,,,,
2019-02-03 18:01:57,Birth of a Beauty: Mini-série: Épisode 6 (Épisode 6),,TV Show,,,,,,
2019-02-03 17:49:40,Birth of a Beauty: Mini-série: Épisode 5 (Épisode 5),,TV Show,,,,,,
2019-02-03 17:42:39,Birth of a Beauty: Mini-série: Épisode 4 (Épisode 4),,TV Show,,,,,,
2019-02-03 16:18:06,Birth of a Beauty: Mini-série: Épisode 4 (Épisode 4),,TV Show,,,,,,
2019-02-03 14:44:35,Birth of a Beauty: Mini-série: Épisode 2 (Épisode 2),,TV Show,,,,,,
2018-08-13 17:47:36,Le paquet,,Movie,,,,,,
2018-07-17 16:57:26,MIIB,,Movie,,,,,,
2018-04-22 15:31:31,Le garçon d'à côté: Saison 1: Mon voisin Haru Yoshida (Épisode 1),,TV Show,,,,,,
2018-03-27 17:52:22,"Kuzco, l'empereur mégalo",,Movie,,,,,,
2018-03-25 12:11:49,SWORDGAI The Animation: Partie I: Épisode 2 (Épisode 2),,TV Show,,,,,,
2018-03-11 14:29:46,Braqueurs amateurs,,Movie,,,,,,
2018-03-03 08:15:17,Les affamés,,TV Show,,,,,,
2018-02-22 04:46:26,Pas très normales activités,,Movie,,,,,,
2017-10-24 10:30:04,Chair de Poule: Saison 1: La fille qui criait au monstre (Épisode 1),,TV Show,,,,,,
2017-10-03 17:08:07,28 semaines plus tard,,Movie,,,,,,
2017-09-21 08:50:39,Les Parias,,TV Show,,,,,,
2017-09-19 18:04:51,Gad Elmaleh : La vie normale,,TV Show,,,,,,
2017-09-19 17:03:57,Gad Elmaleh : La vie normale,,TV Show,,,,,,
2017-09-19 07:15:46,Gad Elmaleh : La vie normale,,TV Show,,,,,,
2017-09-18 18:27:33,Gad Elmaleh : La vie normale,,TV Show,,,,,,
2017-09-18 14:11:20,Gad Elmaleh: L'Autre C'Est Moi,,TV Show,,,,,,
2017-09-17 10:17:55,Foresti Party,,Movie,,,,,,
2017-09-08 18:18:35,Les Parias,,TV Show,,,,,,
2017-09-03 11:02:12,Claudia Tagbo Crazy,,Movie,,,,,,
2017-04-08 19:17:57,Kenshin le vagabond: Partie 3: L'effort ultime (Épisode 28),,TV Show,,,,,,
2017-04-08 19:15:48,Kenshin le vagabond: Partie 3: L'ennemi attend à Senjogahara (Épisode 27),,TV Show,,,,,,
2017-04-08 18:35:45,Kenshin le vagabond: Partie 3: Le terrible Ryumyaku (Épisode 26),,TV Show,,,,,,
2017-04-08 18:31:23,Kenshin le vagabond: Partie 3: La magie du Feng Shui (Épisode 25),,TV Show,,,,,,
2017-04-08 18:12:32,Kenshin le vagabond: Partie 3: Le démon railleur (Épisode 7),,TV Show,,,,,,
2017-04-08 18:08:57,Kenshin le vagabond: Partie 3: Jour de remords (Épisode 6),,TV Show,,,,,,
2017-04-08 18:02:41,Kenshin le vagabond: Partie 3: Shogo pris au piège (Épisode 5),,TV Show,,,,,,
2017-04-08 17:55:36,Kenshin le vagabond: Partie 3: Le choc de la Rai Ryu Sen (Épisode 4),,TV Show,,,,,,
2017-04-08 17:52:05,Kenshin le vagabond: Partie 3: Le champ de bataille de Shimabara (Épisode 3),,TV Show,,,,,,
2017-04-08 17:48:02,Kenshin le vagabond: Partie 3: Le médaillon du destin (Épisode 2),,TV Show,,,,,,
2017-04-08 17:42:23,Kenshin le vagabond: Partie 3: La lame légendaire de Shiro Shogo (Épisode 1),,TV Show,,,,,,
2017-04-08 17:27:44,Kenshin le vagabond: Partie 2: Demande en mariage (Épisode 39),,TV Show,,,,,,
2017-04-08 17:18:21,Kenshin le vagabond: Partie 2: À la recherche du trésor perdu ! (Épisode 38),,TV Show,,,,,,
2017-04-08 17:07:23,Kenshin le vagabond: Partie 2: Début en société (Épisode 37),,TV Show,,,,,,
2017-04-08 16:50:53,Kenshin le vagabond: Partie 2: La légende des lucioles (Épisode 36),,TV Show,,,,,,
2017-02-26 21:00:34,Patson ® l'original,,Movie,,,,,,
2017-02-26 11:49:43,Goldman Sachs : La banque qui dirige le monde,,Movie,,,,,,
2017-01-21 20:35:57,L'autoroute,,Movie,,,,,,
2017-01-14 17:30:43,La Fantaisie de Glace: Saison 1: Épisode 1 (Épisode 1),,TV Show,,,,,,
2017-01-14 15:51:32,Anne naturellement,,Movie,,,,,,
2016-12-02 20:51:52,Spartatouille,,Movie,,,,,,
2016-11-07 20:14:49,Anne naturellement,,Movie,,,,,,
2016-10-26 19:14:59,Mi-temps au mitard,,Movie,,,,,,
2016-10-26 11:42:20,Mi-temps au mitard,,Movie,,,,,,
2016-10-26 10:51:53,Galaxy Quest,,TV Show,,,,,,
2016-10-26 10:49:34,Galaxy Quest,,TV Show,,,,,,
2016-10-26 10:48:46,Galaxy Quest,,TV Show,,,,,,
2016-10-25 10:13:43,Galaxy Quest,,TV Show,,,,,,
2016-09-29 10:46:14,Sexe entre amis,,Movie,,,,,,
2016-09-28 18:27:18,Mes meilleures amies,,Movie,,,,,,
2016-09-28 10:50:56,Mes meilleures amies,,Movie,,,,,,
2016-09-28 09:24:17,Playboy à saisir,,Movie,,,,,,
2016-09-28 07:58:16,Meilleures ennemies,,Movie,,,,,,
2016-09-23 15:24:59,Voisins du troisième type,,Movie,,,,,,
2016-09-13 12:31:36,Patson ® l'original,,Movie,,,,,,
2016-09-13 05:45:46,Gang de Requins,,Movie,,,,,,
2016-08-25 05:53:23,"Chérie, j'ai rétréci les gosses",,Movie,,,,,,
2016-08-24 06:50:21,L'Apprenti Sorcier,,Movie,,,,,,
2016-08-23 05:41:03,L'Apprenti Sorcier,,Movie,,,,,,
2016-08-22 19:23:58,Les désastreuses aventures des orphelins Baudelaire,,Movie,,,,,,
2016-08-22 18:41:11,Mords-moi sans hésitation,,Movie,,,,,,
2016-08-22 09:52:49,Les Flingueuses,,Movie,,,,,,
2016-08-22 06:07:13,Les Flingueuses,,Movie,,,,,,
2016-08-21 18:07:50,Arnold le magnifique,,Movie,,,,,,
2016-08-18 06:40:11,Le livre maléfique,,Movie,,,,,,
2016-08-17 18:19:01,Smosh : Le Film,,TV Show,,,,,,
2016-08-17 16:27:47,Smosh : Le Film,,TV Show,,,,,,
2016-08-17 14:54:10,Smosh : Le Film,,TV Show,,,,,,
2016-08-16 20:12:41,Les Zintrus,,Movie,,,,,,
2016-08-16 19:02:01,Les Zintrus,,Movie,,,,,,
2016-08-15 13:48:26,Scooby-Doo 2 : les monstres se déchaînent,,TV Show,,,,,,
2016-08-15 11:27:35,Scooby-Doo 2 : les monstres se déchaînent,,TV Show,,,,,,
2016-08-14 19:59:13,Scooby-Doo 2 : les monstres se déchaînent,,TV Show,,,,,,
2016-08-14 19:49:58,Scooby-Doo 2 : les monstres se déchaînent,,TV Show,,,,,,
2016-08-01 09:09:27,"Stardust, le mystère de l'étoile",,Movie,,,,,,
2016-07-23 14:04:34,"Stardust, le mystère de l'étoile",,Movie,,,,,,
2016-07-16 19:29:59,Hot Fuzz,,TV Show,,,,,,
2016-07-16 09:44:36,Hot Fuzz,,TV Show,,,,,,
2016-07-15 18:59:03,Hot Fuzz,,TV Show,,,,,,
2016-07-05 17:17:47,Mords-moi sans hésitation,,Movie,,,,,,
2016-07-04 08:58:17,"Menteur, menteur",,Movie,,,,,,
2016-07-02 16:57:36,"40 ans, toujours puceau",,Movie,,,,,,
2016-07-02 16:46:17,G.B.F.,,Movie,,,,,,
